,kfold,SHAP base value
0,0,20.557457598675175
1,1,22.70132499277177
2,2,24.320681517938283
3,3,20.69365183599759
4,4,21.58694410434837
