,kfold,SHAP base value
0,0,269.65219836493276
1,1,267.00024289782624
2,2,274.38604317455554
3,3,259.62216249142847
4,4,275.703538472933
