,kfold,SHAP base value
0,0,49.75349432896124
1,1,68.2119394941727
2,2,73.73623389644257
3,3,71.73337457973918
4,4,76.99148102274019
