,kfold,SHAP base value
0,0,24.583661465317128
1,1,25.257193032294236
2,2,24.92089457604132
3,3,24.99652118224476
4,4,26.893919719542463
