,kfold,SHAP base value
0,0,265.82928575850383
1,1,252.80429367979931
2,2,266.0189138260845
3,3,268.82775233659163
4,4,256.7244315112368
