,kfold,SHAP base value
0,0,63.548234301790075
1,1,75.23502477104066
2,2,76.2638498098786
3,3,70.95063717811543
4,4,84.55798602589057
