,kfold,SHAP base value
0,0,24.34458270025846
1,1,26.57064292302792
2,2,24.371783746030268
3,3,24.845871028392867
4,4,26.12126162034285
