,kfold,SHAP base value
0,0,268.4665458625225
1,1,250.58214736977766
2,2,264.6770532163267
3,3,271.3824892603379
4,4,260.0398117514584
