,kfold,SHAP base value
0,0,25.10439818774874
1,1,25.877670738126106
2,2,24.06602310320537
3,3,25.32750319025843
4,4,26.25092764488945
