,kfold,SHAP base value
0,0,268.4324363721823
1,1,248.63420843598956
2,2,267.76176769101875
3,3,274.6018385522702
4,4,259.41354862342473
