,kfold,SHAP base value
0,0,63.600130047232234
1,1,70.90026453811035
2,2,79.24038826897441
3,3,72.01203874474042
4,4,89.7456304894219
